{
  "ann_ret": 0.12265898901300143,
  "ann_vol": 0.17949407045551602,
  "sharpe": 0.7348788322906786,
  "sortino": 0.8882051361053758,
  "max_dd": -0.2975455568067942,
  "n_days": 2496
}